{"0.05":{"SCL-90 SOM":1.1015014648,"SCL-90 OC":2.1916687012,"SCL-90 IS":1.8851426866,"SCL-90 DEP":2.5294799805,"SCL-90 ANX":1.6124359131,"SCL-90 HOS":1.3100779215,"SCL-90 PHOB":0.9766366141,"SCL-90 PAR":1.4362701416,"SCL-90 PSY":1.7203729248,"SCL-90 ADD":2.1945591518,"SCL-90 TS":181.247541523,"SCL-90 GSI":2.0139015028,"SCL-90 PST":50.2169296265,"SCL-90 NST":-0.8664077759,"SCL-90 PSDI":2.693822625,"EMBU-M EW":22.1084575653,"EMBU-M OI":18.4996261597,"EMBU-M REJ":7.298651123,"EMBU-M PUN":7.6269569397,"EMBU-M FS":-1.0330062866,"EMBU-F EW":22.7229156494,"EMBU-F PUN":9.3193443298,"EMBU-F OI":10.7382606506,"EMBU-F FS":-1.0454574585,"EMBU-F REJ":5.599937439,"EMBU-F OP":6.9103317261,"CSES_TS":11.8699989319,"HEI_TS":19.0363525391,"CSQ_PS":0.0439208984,"CSQ_SB":0.3400512695,"CSQ_HS":0.000769043,"CSQ_FAN":0.3496289063,"CSQ_REP":0.4335804332,"CSQ_RAT":0.2811257102,"SSRS_TS":19.8647842407,"SSRS_SS":10.7292366028,"SSRS_OS":4.2656311035,"SSRS_SU":3.322467041,"DES-\u2161_ABS":1.2169068654,"DES-\u2161_AMN":0.2949171066,"DES-\u2161_DPDR":-0.9636046092,"DES-\u2161_TS":3.5973610197},"0.95":{"SCL-90 SOM":4.2678833008,"SCL-90 OC":4.6832580566,"SCL-90 IS":4.4037299262,"SCL-90 DEP":4.8752638597,"SCL-90 ANX":4.7645269775,"SCL-90 HOS":4.5083750407,"SCL-90 PHOB":4.3047459194,"SCL-90 PAR":4.1498931885,"SCL-90 PSY":4.5345977783,"SCL-90 ADD":4.2240792411,"SCL-90 TS":378.6968827248,"SCL-90 GSI":4.2078101942,"SCL-90 PST":94.0667068481,"SCL-90 NST":47.1991073608,"SCL-90 PSDI":4.3438205382,"EMBU-M EW":64.6507930756,"EMBU-M OI":59.0000564575,"EMBU-M REJ":30.0,"EMBU-M PUN":30.75,"EMBU-M FS":12.0,"EMBU-F EW":66.7947174072,"EMBU-F PUN":43.75,"EMBU-F OI":34.0110527039,"EMBU-F FS":12.75,"EMBU-F REJ":18.0,"EMBU-F OP":21.0143051147,"CSES_TS":28.2168540955,"HEI_TS":32.3308349609,"CSQ_PS":1.0625732422,"CSQ_SB":0.993034668,"CSQ_HS":0.8942211914,"CSQ_FAN":1.0678710938,"CSQ_REP":0.9658513849,"CSQ_RAT":1.056587358,"SSRS_TS":47.4055862427,"SSRS_SS":27.8497123718,"SSRS_OS":12.472857666,"SSRS_SU":8.9160461426,"DES-\u2161_ABS":98.292189916,"DES-\u2161_AMN":85.370965004,"DES-\u2161_DPDR":78.509616216,"DES-\u2161_TS":83.6499937602}}