{"0.05":{"SCL-90 SOM":0.9109090169,"SCL-90 OC":0.9132348633,"SCL-90 IS":0.8841701931,"SCL-90 DEP":0.8944551908,"SCL-90 ANX":0.9001245117,"SCL-90 HOS":0.8886962891,"SCL-90 PHOB":0.8823381696,"SCL-90 PAR":0.8846720378,"SCL-90 PSY":0.9119555664,"SCL-90 ADD":0.8904593331,"SCL-90 TS":84.9789838791,"SCL-90 GSI":0.9442310927,"SCL-90 PST":-2.5941640854,"SCL-90 NST":31.6934465408,"SCL-90 PSDI":0.0078430176,"EMBU-M EW":36.542898941,"EMBU-M OI":17.8339115143,"EMBU-M REJ":6.9670837402,"EMBU-M PUN":7.7993049622,"EMBU-M FS":-1.2966003418,"EMBU-F EW":30.0699947357,"EMBU-F PUN":9.684577179,"EMBU-F OI":10.2343063354,"EMBU-F FS":-1.2535140991,"EMBU-F REJ":5.1539169312,"EMBU-F OP":5.7516265869,"CSES_TS":29.6398895264,"HEI_TS":-0.645199585,"CSQ_PS":0.5628153483,"CSQ_SB":0.0553466797,"CSQ_HS":0.2979248047,"CSQ_FAN":0.0762939453,"CSQ_REP":0.1224365234,"CSQ_RAT":0.1728271484,"SSRS_TS":25.0914115906,"SSRS_SS":13.567641449,"SSRS_OS":5.8708938599,"SSRS_SU":4.9343902588,"DES-\u2161_ABS":-3.0520324707,"DES-\u2161_AMN":-4.0605902672,"DES-\u2161_DPDR":-3.3653176626,"DES-\u2161_TS":-2.1520197732},"0.95":{"SCL-90 SOM":1.8342488607,"SCL-90 OC":2.4558325195,"SCL-90 IS":2.4410875109,"SCL-90 DEP":2.2618473933,"SCL-90 ANX":2.0788110352,"SCL-90 HOS":2.1008544922,"SCL-90 PHOB":1.9574497768,"SCL-90 PAR":1.9871378581,"SCL-90 PSY":1.838894043,"SCL-90 ADD":2.1302403041,"SCL-90 TS":181.9982004166,"SCL-90 GSI":2.0221705458,"SCL-90 PST":60.0839799881,"SCL-90 NST":92.9960737228,"SCL-90 PSDI":2.8020324707,"EMBU-M EW":74.1954624176,"EMBU-M OI":46.2704677582,"EMBU-M REJ":20.1874816895,"EMBU-M PUN":20.824054718,"EMBU-M FS":16.0,"EMBU-F EW":75.1813686371,"EMBU-F PUN":29.1733894348,"EMBU-F OI":25.9696121216,"EMBU-F FS":15.0,"EMBU-F REJ":14.9587478638,"EMBU-F OP":16.659072876,"CSES_TS":49.8435821533,"HEI_TS":10.8850067139,"CSQ_PS":1.0392313639,"CSQ_SB":0.9045166016,"CSQ_HS":1.0234619141,"CSQ_FAN":0.9881591797,"CSQ_REP":0.9026123047,"CSQ_RAT":0.9650146484,"SSRS_TS":57.3416130066,"SSRS_SS":34.9062767029,"SSRS_OS":17.4213424683,"SSRS_SU":11.9871185303,"DES-\u2161_ABS":44.9433898926,"DES-\u2161_AMN":37.8925061226,"DES-\u2161_DPDR":25.0517317454,"DES-\u2161_TS":33.3886290959}}