{"0.05":{"EMBU-M EW":34.1528388977,"EMBU-M OI":17.727412796,"EMBU-M REJ":6.8706283569,"EMBU-M PUN":7.5612678528,"EMBU-M FS":-1.0599884033,"EMBU-F EW":26.6890953064,"EMBU-F PUN":9.6765525818,"EMBU-F OI":10.2187606812,"EMBU-F FS":-1.2381896973,"EMBU-F REJ":5.1621063232,"EMBU-F OP":5.6639328003,"CSES_TS":23.8647285461,"HEI_TS":-0.9113349915,"CSQ_PS":0.4494832357,"CSQ_SB":0.0880273438,"CSQ_HS":0.1948999023,"CSQ_FAN":0.1293212891,"CSQ_REP":0.1834383878,"CSQ_RAT":0.2250643643,"A-SSRS_TS":42.4137523651,"A-SSRS_SS":11.3411651611,"A-SSRS_OS":17.7287384033,"A-SSRS_SU":9.661541748,"A-DES-\u2161_DA":-0.3584381104,"A-DES-\u2161_AII":-0.2403798421,"A-DES-\u2161_PI":-0.4026049805,"A-DES-\u2161_DPDR":-0.406930542,"A-DES-\u2161_TS":-0.3190404256},"0.95":{"EMBU-M EW":74.5016807556,"EMBU-M OI":47.5143512726,"EMBU-M REJ":29.152494812,"EMBU-M PUN":31.8035163879,"EMBU-M FS":14.85,"EMBU-F EW":73.1841285706,"EMBU-F PUN":35.7846412659,"EMBU-F OI":27.9036727905,"EMBU-F FS":16.0,"EMBU-F REJ":14.7,"EMBU-F OP":17.5229873657,"CSES_TS":49.0692100525,"HEI_TS":15.6314613342,"CSQ_PS":1.0638631185,"CSQ_SB":0.9,"CSQ_HS":1.0397045898,"CSQ_FAN":1.0952392578,"CSQ_REP":0.9841752486,"CSQ_RAT":1.0680952592,"A-SSRS_TS":89.4161823273,"A-SSRS_SS":26.7194976807,"A-SSRS_OS":30.0,"A-SSRS_SU":30.0,"A-DES-\u2161_DA":7.153087071,"A-DES-\u2161_AII":5.6666666667,"A-DES-\u2161_PI":5.14,"A-DES-\u2161_DPDR":5.1541666667,"A-DES-\u2161_TS":6.6184778849}}