{"0.05":{"EMBU-M EW":27.624723053,"EMBU-M OI":31.6515861511,"EMBU-M REJ":11.02290802,"EMBU-M PUN":12.4409507751,"EMBU-M FS":-0.5801086426,"EMBU-F EW":20.8857475281,"EMBU-F PUN":10.8253448486,"EMBU-F OI":11.0928153992,"EMBU-F FS":-0.4616394043,"EMBU-F REJ":5.5233856201,"EMBU-F OP":7.8523193359,"CSES_TS":8.8769958496,"HEI_TS":14.6064605713,"CSQ_PS":0.0130025228,"CSQ_SB":0.5850976562,"CSQ_HS":0.0348461914,"CSQ_FAN":0.6117382812,"CSQ_REP":0.3590775923,"CSQ_RAT":0.1958229759,"A-SSRS_TS":16.1419441223,"A-SSRS_SS":4.5828308105,"A-SSRS_OS":5.4637298584,"A-SSRS_SU":5.0377349854,"A-DES-\u2161_DA":2.3763663156,"A-DES-\u2161_AII":3.449504598,"A-DES-\u2161_PI":2.0959136963,"A-DES-\u2161_DPDR":1.941960907,"A-DES-\u2161_TS":2.5030985514},"0.95":{"EMBU-M EW":57.4,"EMBU-M OI":61.7,"EMBU-M REJ":30.85,"EMBU-M PUN":34.85,"EMBU-M FS":10.0,"EMBU-F EW":70.7124946594,"EMBU-F PUN":44.0,"EMBU-F OI":42.1692695618,"EMBU-F FS":16.95,"EMBU-F REJ":23.7,"EMBU-F OP":22.7,"CSES_TS":24.0,"HEI_TS":39.3827178955,"CSQ_PS":0.9041666667,"CSQ_SB":0.9,"CSQ_HS":0.7,"CSQ_FAN":1.0,"CSQ_REP":0.9090909091,"CSQ_RAT":1.0,"A-SSRS_TS":52.7,"A-SSRS_SS":17.0,"A-SSRS_OS":23.0,"A-SSRS_SU":20.55,"A-DES-\u2161_DA":9.4285714286,"A-DES-\u2161_AII":8.3333333333,"A-DES-\u2161_PI":9.94,"A-DES-\u2161_DPDR":8.9875,"A-DES-\u2161_TS":9.0666666667}}