{"0.05":{"SCL-90 SOM":2.0252156576,"SCL-90 OC":2.3838195801,"SCL-90 IS":2.5774983724,"SCL-90 DEP":2.6000816932,"SCL-90 ANX":2.5172741699,"SCL-90 HOS":2.0113230387,"SCL-90 PHOB":1.3792742048,"SCL-90 PAR":2.2023986816,"SCL-90 PSY":1.9649969482,"SCL-90 ADD":1.8407897949,"SCL-90 TS":229.1449802399,"SCL-90 GSI":2.5460880534,"SCL-90 PST":65.8836830139,"SCL-90 NST":-1.3050575256,"SCL-90 PSDI":2.8560432239,"EMBU-M EW":23.3445209503,"EMBU-M OI":20.253956604,"EMBU-M REJ":8.4973464966,"EMBU-M PUN":8.2860977173,"EMBU-M FS":-0.723248291,"EMBU-F EW":25.2332275391,"EMBU-F PUN":12.0493896484,"EMBU-F OI":15.3274345398,"EMBU-F FS":-0.8324356079,"EMBU-F REJ":6.270401001,"EMBU-F OP":9.8005401611,"CSES_TS":10.8105392456,"HEI_TS":16.1512069702,"CSQ_PS":0.0761128743,"CSQ_SB":0.3270288086,"CSQ_HS":0.0188500977,"CSQ_FAN":0.4631347656,"CSQ_REP":0.3865145597,"CSQ_RAT":0.2056773793,"A-SSRS_TS":24.4805648804,"A-SSRS_SS":5.3374328613,"A-SSRS_OS":9.2020675659,"A-SSRS_SU":6.4609283447,"A-DES-\u2161_DA":2.755003139,"A-DES-\u2161_AII":1.4726364136,"A-DES-\u2161_PI":2.9655963135,"A-DES-\u2161_DPDR":2.1388941447,"A-DES-\u2161_TS":2.580510966},"0.95":{"SCL-90 SOM":4.3989949544,"SCL-90 OC":4.5878601074,"SCL-90 IS":4.8842041016,"SCL-90 DEP":5.0442185622,"SCL-90 ANX":4.7781359863,"SCL-90 HOS":5.0258799235,"SCL-90 PHOB":5.2503016881,"SCL-90 PAR":4.3333333333,"SCL-90 PSY":4.3977325439,"SCL-90 ADD":4.7010698591,"SCL-90 TS":384.05,"SCL-90 GSI":4.2672222222,"SCL-90 PST":90.0,"SCL-90 NST":21.65,"SCL-90 PSDI":4.3975120385,"EMBU-M EW":71.0433261871,"EMBU-M OI":60.6756240845,"EMBU-M REJ":28.759513855,"EMBU-M PUN":29.1,"EMBU-M FS":12.0,"EMBU-F EW":59.8108642578,"EMBU-F PUN":41.9421630859,"EMBU-F OI":38.9929008484,"EMBU-F FS":12.0,"EMBU-F REJ":21.9265777588,"EMBU-F OP":23.0423065186,"CSES_TS":30.3353866577,"HEI_TS":30.3610610962,"CSQ_PS":0.9166666667,"CSQ_SB":0.9,"CSQ_HS":0.7,"CSQ_FAN":1.0,"CSQ_REP":0.9090909091,"CSQ_RAT":1.0807217685,"A-SSRS_TS":72.4350448608,"A-SSRS_SS":23.4174499512,"A-SSRS_OS":28.5714401245,"A-SSRS_SU":24.1,"A-DES-\u2161_DA":8.8879272461,"A-DES-\u2161_AII":9.0022750854,"A-DES-\u2161_PI":9.9637994385,"A-DES-\u2161_DPDR":8.3333333333,"A-DES-\u2161_TS":8.571905009}}