{"0.05":{"SCL-90 SOM":0.9194986979,"SCL-90 OC":0.9147033691,"SCL-90 IS":0.9061279297,"SCL-90 DEP":0.832989502,"SCL-90 ANX":0.8433007812,"SCL-90 HOS":0.8012491862,"SCL-90 PHOB":0.8909109933,"SCL-90 PAR":0.8893778483,"SCL-90 PSY":0.8803466797,"SCL-90 ADD":0.8903198242,"SCL-90 TS":82.0803215981,"SCL-90 GSI":0.9120704481,"SCL-90 PST":-2.6164112091,"SCL-90 NST":22.2150936127,"SCL-90 PSDI":1.6398514256,"EMBU-M EW":27.4688304901,"EMBU-M OI":16.8968284607,"EMBU-M REJ":6.7636169434,"EMBU-M PUN":7.5482215881,"EMBU-M FS":-1.0572860718,"EMBU-F EW":26.9391384125,"EMBU-F PUN":9.3181533813,"EMBU-F OI":10.3913513184,"EMBU-F FS":-1.0734725952,"EMBU-F REJ":4.8066925049,"EMBU-F OP":5.7840957642,"CSES_TS":24.5344688416,"HEI_TS":-1.1194953918,"CSQ_PS":0.4581705729,"CSQ_SB":0.0314697266,"CSQ_HS":0.1646240234,"CSQ_FAN":0.1288500977,"CSQ_REP":0.1698708274,"CSQ_RAT":0.2124800249,"A-SSRS_TS":39.3583171844,"A-SSRS_SS":10.0343414307,"A-SSRS_OS":16.6846618652,"A-SSRS_SU":9.199786377,"A-DES-\u2161_DA":-0.3105438232,"A-DES-\u2161_AII":-0.2961090088,"A-DES-\u2161_PI":-0.2985528564,"A-DES-\u2161_DPDR":-0.3189404806,"A-DES-\u2161_TS":-0.2040969849},"0.95":{"SCL-90 SOM":2.0333333333,"SCL-90 OC":3.397064209,"SCL-90 IS":2.8523193359,"SCL-90 DEP":3.0289367676,"SCL-90 ANX":2.3994335938,"SCL-90 HOS":3.2936808268,"SCL-90 PHOB":2.1428571429,"SCL-90 PAR":2.1666666667,"SCL-90 PSY":2.8260986328,"SCL-90 ADD":2.7707083566,"SCL-90 TS":200.0697051048,"SCL-90 GSI":2.2229249403,"SCL-90 PST":75.3432254791,"SCL-90 NST":95.1335506439,"SCL-90 PSDI":3.0046657678,"EMBU-M EW":75.6749088287,"EMBU-M OI":52.0135826111,"EMBU-M REJ":30.7939025879,"EMBU-M PUN":31.7766227722,"EMBU-M FS":14.0,"EMBU-F EW":74.8848361969,"EMBU-F PUN":39.6564865112,"EMBU-F OI":27.5980285645,"EMBU-F FS":14.4,"EMBU-F REJ":17.4,"EMBU-F OP":18.5908584595,"CSES_TS":47.9263435364,"HEI_TS":15.5616783142,"CSQ_PS":1.0614908854,"CSQ_SB":0.9283935547,"CSQ_HS":1.0357666016,"CSQ_FAN":1.0598754883,"CSQ_REP":0.9258900036,"CSQ_RAT":1.0141623757,"A-SSRS_TS":89.0897647858,"A-SSRS_SS":26.5812347412,"A-SSRS_OS":32.2103210449,"A-SSRS_SU":32.0805725098,"A-DES-\u2161_DA":4.6714447021,"A-DES-\u2161_AII":5.4699005127,"A-DES-\u2161_PI":3.9080169678,"A-DES-\u2161_DPDR":3.3384981791,"A-DES-\u2161_TS":3.5034500122}}