{"0.05":{"SCL-90 SOM":1.1581420898,"SCL-90 OC":2.4495178223,"SCL-90 IS":1.8776231554,"SCL-90 DEP":2.6479125977,"SCL-90 ANX":1.8540631104,"SCL-90 HOS":1.4279978434,"SCL-90 PHOB":0.9974530901,"SCL-90 PAR":1.555368042,"SCL-90 PSY":1.7691192627,"SCL-90 ADD":2.2568359375,"SCL-90 TS":189.1492743492,"SCL-90 GSI":2.1016578505,"SCL-90 PST":51.9176864624,"SCL-90 NST":-1.1724594116,"SCL-90 PSDI":2.7694474352,"EMBU-M EW":21.7984027863,"EMBU-M OI":19.713319397,"EMBU-M REJ":7.4125793457,"EMBU-M PUN":7.6847496033,"EMBU-M FS":-0.8077728271,"EMBU-F EW":21.3717071533,"EMBU-F PUN":9.3210380554,"EMBU-F OI":10.9355621338,"EMBU-F FS":-1.0530838013,"EMBU-F REJ":5.7026596069,"EMBU-F OP":7.0911636353,"CSES_TS":11.795841217,"HEI_TS":20.4582000732,"CSQ_PS":0.0396728516,"CSQ_SB":0.326472168,"CSQ_HS":-0.0108325195,"CSQ_FAN":0.3106054688,"CSQ_REP":0.4461203835,"CSQ_RAT":0.2701526989,"SSRS_TS":18.1459716797,"SSRS_SS":10.1780891418,"SSRS_OS":3.4782073975,"SSRS_SU":3.1773376465,"DES-\u2161_ABS":2.6324799856,"DES-\u2161_AMN":1.0151052475,"DES-\u2161_DPDR":0.0506242116,"DES-\u2161_TS":5.1421809878},"0.95":{"SCL-90 SOM":4.2357788086,"SCL-90 OC":4.6570007324,"SCL-90 IS":4.4848497179,"SCL-90 DEP":4.8393808218,"SCL-90 ANX":4.796026001,"SCL-90 HOS":4.5240976969,"SCL-90 PHOB":4.3600960868,"SCL-90 PAR":4.1934967041,"SCL-90 PSY":4.5125079346,"SCL-90 ADD":4.2215680804,"SCL-90 TS":377.416972065,"SCL-90 GSI":4.1935377333,"SCL-90 PST":94.1719467163,"SCL-90 NST":47.26587677,"SCL-90 PSDI":4.3665824981,"EMBU-M EW":64.3362064362,"EMBU-M OI":61.2595199585,"EMBU-M REJ":30.0,"EMBU-M PUN":30.85,"EMBU-M FS":11.85,"EMBU-F EW":67.6645050049,"EMBU-F PUN":43.85,"EMBU-F OI":36.0085418701,"EMBU-F FS":12.85,"EMBU-F REJ":21.658241272,"EMBU-F OP":21.4426956177,"CSES_TS":28.0366096497,"HEI_TS":32.6530426025,"CSQ_PS":1.0602294922,"CSQ_SB":0.9914526367,"CSQ_HS":0.9398364258,"CSQ_FAN":1.0464257812,"CSQ_REP":0.9368696733,"CSQ_RAT":0.9090909091,"SSRS_TS":47.3804443359,"SSRS_SS":29.3777275085,"SSRS_OS":12.3488616943,"SSRS_SU":9.0590881348,"DES-\u2161_ABS":96.5784791311,"DES-\u2161_AMN":85.4213819504,"DES-\u2161_DPDR":77.6357644399,"DES-\u2161_TS":82.1012991496}}