{"0.05":{"SCL-90 SOM":0.9113972982,"SCL-90 OC":0.9192810059,"SCL-90 IS":0.8882880317,"SCL-90 DEP":0.8981060322,"SCL-90 ANX":0.9017358398,"SCL-90 HOS":0.8904541016,"SCL-90 PHOB":0.8838448661,"SCL-90 PAR":0.886722819,"SCL-90 PSY":0.9145922852,"SCL-90 ADD":0.8897478376,"SCL-90 TS":85.1593931198,"SCL-90 GSI":0.9461972385,"SCL-90 PST":-2.5278312683,"SCL-90 NST":33.190901947,"SCL-90 PSDI":0.002166748,"EMBU-M EW":36.2567943573,"EMBU-M OI":17.7610836029,"EMBU-M REJ":6.9501647949,"EMBU-M PUN":7.7836265564,"EMBU-M FS":-1.2918395996,"EMBU-F EW":30.083562851,"EMBU-F PUN":9.6622200012,"EMBU-F OI":10.2252426147,"EMBU-F FS":-1.2463821411,"EMBU-F REJ":5.146446228,"EMBU-F OP":5.7545928955,"CSES_TS":30.2877410889,"HEI_TS":-0.6246002197,"CSQ_PS":0.58497111,"CSQ_SB":0.0550537109,"CSQ_HS":0.2966064453,"CSQ_FAN":0.0721923828,"CSQ_REP":0.1209716797,"CSQ_RAT":0.1729736328,"SSRS_TS":25.2316932678,"SSRS_SS":13.725844574,"SSRS_OS":5.8266738892,"SSRS_SU":4.9551544189,"DES-\u2161_ABS":-3.1022033691,"DES-\u2161_AMN":-4.0471720695,"DES-\u2161_DPDR":-3.6152744293,"DES-\u2161_TS":-2.3049845014},"0.95":{"SCL-90 SOM":1.8099568685,"SCL-90 OC":2.4187316895,"SCL-90 IS":2.3063218859,"SCL-90 DEP":2.1401526818,"SCL-90 ANX":2.0301489258,"SCL-90 HOS":2.0369873047,"SCL-90 PHOB":1.9330078125,"SCL-90 PAR":1.9509073893,"SCL-90 PSY":1.790246582,"SCL-90 ADD":2.1254377093,"SCL-90 TS":176.9263505936,"SCL-90 GSI":1.9658896213,"SCL-90 PST":58.5562355042,"SCL-90 NST":92.9433570862,"SCL-90 PSDI":2.7752990723,"EMBU-M EW":74.2619983673,"EMBU-M OI":46.1428844452,"EMBU-M REJ":20.3164611816,"EMBU-M PUN":20.8815040588,"EMBU-M FS":16.0,"EMBU-F EW":75.2105922699,"EMBU-F PUN":29.2578330994,"EMBU-F OI":26.0010604858,"EMBU-F FS":15.0,"EMBU-F REJ":15.0501083374,"EMBU-F OP":16.5753570557,"CSES_TS":49.8287384033,"HEI_TS":10.0959686279,"CSQ_PS":1.0372172038,"CSQ_SB":0.8999755859,"CSQ_HS":1.0241943359,"CSQ_FAN":0.9890380859,"CSQ_REP":0.9015869141,"CSQ_RAT":0.9663330078,"SSRS_TS":57.3781974792,"SSRS_SS":34.9296363831,"SSRS_OS":17.4388381958,"SSRS_SU":11.9917327881,"DES-\u2161_ABS":45.2431335449,"DES-\u2161_AMN":38.0606341362,"DES-\u2161_DPDR":24.8195743561,"DES-\u2161_TS":32.4065480913}}