{"0.05":{"EMBU-M EW":24.2152614594,"EMBU-M OI":34.1740478516,"EMBU-M REJ":10.803062439,"EMBU-M PUN":12.6847923279,"EMBU-M FS":-0.7613830566,"EMBU-F EW":21.3849887848,"EMBU-F PUN":12.8048614502,"EMBU-F OI":12.7209991455,"EMBU-F FS":-0.6652526855,"EMBU-F REJ":5.7672821045,"EMBU-F OP":9.0952835083,"CSES_TS":8.6853942871,"HEI_TS":24.4278991699,"CSQ_PS":0.0093770345,"CSQ_SB":0.6393457031,"CSQ_HS":0.0224389648,"CSQ_FAN":0.6184179687,"CSQ_REP":0.3380104759,"CSQ_RAT":0.2955078125,"A-SSRS_TS":16.3850364685,"A-SSRS_SS":4.5143859863,"A-SSRS_OS":5.5117324829,"A-SSRS_SU":5.055368042,"A-DES-\u2161_DA":4.2382638114,"A-DES-\u2161_AII":4.1429417928,"A-DES-\u2161_PI":4.5526977539,"A-DES-\u2161_DPDR":3.5618512472,"A-DES-\u2161_TS":4.0189691162},"0.95":{"EMBU-M EW":70.4258518219,"EMBU-M OI":62.1,"EMBU-M REJ":32.0,"EMBU-M PUN":35.1,"EMBU-M FS":11.0,"EMBU-F EW":60.7,"EMBU-F PUN":50.5677825928,"EMBU-F OI":42.4911651611,"EMBU-F FS":18.2,"EMBU-F REJ":24.0,"EMBU-F OP":23.1,"CSES_TS":22.3,"HEI_TS":36.0,"CSQ_PS":0.9166666667,"CSQ_SB":0.9,"CSQ_HS":0.7,"CSQ_FAN":1.0,"CSQ_REP":0.9090909091,"CSQ_RAT":1.0,"A-SSRS_TS":53.1,"A-SSRS_SS":15.2,"A-SSRS_OS":21.2,"A-SSRS_SU":21.3,"A-DES-\u2161_DA":9.4571428571,"A-DES-\u2161_AII":8.6833333333,"A-DES-\u2161_PI":9.64,"A-DES-\u2161_DPDR":8.925,"A-DES-\u2161_TS":9.0666666667}}