{"0.05":{"EMBU-M EW":34.7329994202,"EMBU-M OI":17.5996143341,"EMBU-M REJ":6.8346755981,"EMBU-M PUN":7.5026741028,"EMBU-M FS":-1.060647583,"EMBU-F EW":27.2457725525,"EMBU-F PUN":9.6828559875,"EMBU-F OI":10.3129684448,"EMBU-F FS":-1.225189209,"EMBU-F REJ":5.1412139893,"EMBU-F OP":5.8195861816,"CSES_TS":27.6197311401,"HEI_TS":-0.3875442505,"CSQ_PS":0.5112955729,"CSQ_SB":0.0855664062,"CSQ_HS":0.2497436523,"CSQ_FAN":0.1222900391,"CSQ_REP":0.177845348,"CSQ_RAT":0.2213489879,"A-SSRS_TS":49.3817428589,"A-SSRS_SS":13.1766265869,"A-SSRS_OS":20.2157424927,"A-SSRS_SU":11.8160705566,"A-DES-\u2161_DA":-0.2668138777,"A-DES-\u2161_AII":-0.2471059163,"A-DES-\u2161_PI":-0.314019165,"A-DES-\u2161_DPDR":-0.2920761108,"A-DES-\u2161_TS":-0.2216851807},"0.95":{"EMBU-M EW":74.6694007874,"EMBU-M OI":46.4751819611,"EMBU-M REJ":29.4558822632,"EMBU-M PUN":32.7355232239,"EMBU-M FS":14.05,"EMBU-F EW":73.4300849915,"EMBU-F PUN":31.9242378235,"EMBU-F OI":27.3653427124,"EMBU-F FS":16.0,"EMBU-F REJ":13.1,"EMBU-F OP":17.0278381348,"CSES_TS":48.9223861694,"HEI_TS":12.3400619507,"CSQ_PS":1.0550455729,"CSQ_SB":0.9,"CSQ_HS":1.0360131836,"CSQ_FAN":1.0,"CSQ_REP":0.9892356179,"CSQ_RAT":1.0624622692,"A-SSRS_TS":88.7094467163,"A-SSRS_SS":25.0,"A-SSRS_OS":30.0,"A-SSRS_SU":32.2170227051,"A-DES-\u2161_DA":4.7946241106,"A-DES-\u2161_AII":5.5083333333,"A-DES-\u2161_PI":4.6,"A-DES-\u2161_DPDR":5.7481796265,"A-DES-\u2161_TS":5.1373834229}}