{"0.05":{"SCL-90 SOM":0.9191080729,"SCL-90 OC":0.9344458008,"SCL-90 IS":0.9015313043,"SCL-90 DEP":0.8870013897,"SCL-90 ANX":0.9205664062,"SCL-90 HOS":0.8645060221,"SCL-90 PHOB":0.9089878627,"SCL-90 PAR":0.8506164551,"SCL-90 PSY":0.9234155273,"SCL-90 ADD":0.9150181362,"SCL-90 TS":85.5605312347,"SCL-90 GSI":0.9506958008,"SCL-90 PST":-2.4828243256,"SCL-90 NST":28.669801712,"SCL-90 PSDI":1.6503562526,"EMBU-M EW":30.001632309,"EMBU-M OI":17.0354026794,"EMBU-M REJ":6.8147117615,"EMBU-M PUN":7.5582923889,"EMBU-M FS":-1.0375198364,"EMBU-F EW":29.4783649445,"EMBU-F PUN":9.4409889221,"EMBU-F OI":10.3706970215,"EMBU-F FS":-1.0633560181,"EMBU-F REJ":4.8183929443,"EMBU-F OP":5.7919235229,"CSES_TS":26.3652374268,"HEI_TS":-0.3812484741,"CSQ_PS":0.5263346354,"CSQ_SB":0.0305908203,"CSQ_HS":0.1732666016,"CSQ_FAN":0.1273999023,"CSQ_REP":0.1681929155,"CSQ_RAT":0.2117609197,"A-SSRS_TS":42.0596767426,"A-SSRS_SS":10.2218780518,"A-SSRS_OS":18.4375961304,"A-SSRS_SU":9.3162414551,"A-DES-\u2161_DA":-0.2670065744,"A-DES-\u2161_AII":-0.2264734904,"A-DES-\u2161_PI":-0.262277832,"A-DES-\u2161_DPDR":-0.2159088135,"A-DES-\u2161_TS":-0.1507737223},"0.95":{"SCL-90 SOM":1.9541666667,"SCL-90 OC":2.9257250977,"SCL-90 IS":2.6388685438,"SCL-90 DEP":2.7740300105,"SCL-90 ANX":2.2848632813,"SCL-90 HOS":2.4230997721,"SCL-90 PHOB":2.0,"SCL-90 PAR":2.3431091309,"SCL-90 PSY":2.0,"SCL-90 ADD":2.4460728237,"SCL-90 TS":188.2068592072,"SCL-90 GSI":2.091237793,"SCL-90 PST":67.1563167572,"SCL-90 NST":94.2653903961,"SCL-90 PSDI":2.9568407561,"EMBU-M EW":75.6672115326,"EMBU-M OI":47.8230903625,"EMBU-M REJ":23.3521385193,"EMBU-M PUN":26.5011253357,"EMBU-M FS":14.0,"EMBU-F EW":74.6777553558,"EMBU-F PUN":34.3913612366,"EMBU-F OI":27.2611877441,"EMBU-F FS":14.0,"EMBU-F REJ":22.0729156494,"EMBU-F OP":17.6586685181,"CSES_TS":47.8444793701,"HEI_TS":13.4085159302,"CSQ_PS":1.0571940104,"CSQ_SB":0.9193115234,"CSQ_HS":1.0360595703,"CSQ_FAN":1.0594799805,"CSQ_REP":0.936077326,"CSQ_RAT":1.0154807351,"A-SSRS_TS":88.8033992767,"A-SSRS_SS":26.5921112061,"A-SSRS_OS":31.9335769653,"A-SSRS_SU":32.1107849121,"A-DES-\u2161_DA":4.2773729597,"A-DES-\u2161_AII":5.4191136678,"A-DES-\u2161_PI":3.4581469727,"A-DES-\u2161_DPDR":3.2396759033,"A-DES-\u2161_TS":3.1747646077}}