{"0.05":{"SCL-90 SOM":2.0368367513,"SCL-90 OC":2.4319763184,"SCL-90 IS":2.5767822266,"SCL-90 DEP":2.6852341872,"SCL-90 ANX":2.6077355957,"SCL-90 HOS":2.3685658773,"SCL-90 PHOB":1.4172241211,"SCL-90 PAR":1.8437398275,"SCL-90 PSY":1.8566467285,"SCL-90 ADD":1.7851989746,"SCL-90 TS":231.9445964813,"SCL-90 GSI":2.5771590169,"SCL-90 PST":63.8374519348,"SCL-90 NST":-1.3405021667,"SCL-90 PSDI":2.9078640728,"EMBU-M EW":24.2901485443,"EMBU-M OI":20.5183151245,"EMBU-M REJ":8.8780227661,"EMBU-M PUN":8.424168396,"EMBU-M FS":-0.7832336426,"EMBU-F EW":25.5842041016,"EMBU-F PUN":11.2336174011,"EMBU-F OI":15.118208313,"EMBU-F FS":-0.8614761353,"EMBU-F REJ":6.3346405029,"EMBU-F OP":9.1222427368,"CSES_TS":10.6017440796,"HEI_TS":17.5387802124,"CSQ_PS":0.0452290853,"CSQ_SB":0.3846557617,"CSQ_HS":0.0022387695,"CSQ_FAN":0.4569824219,"CSQ_REP":0.449107777,"CSQ_RAT":0.2906072443,"A-SSRS_TS":23.7365955353,"A-SSRS_SS":5.1385803223,"A-SSRS_OS":9.0122207642,"A-SSRS_SU":6.1882629395,"A-DES-\u2161_DA":2.5130863735,"A-DES-\u2161_AII":1.2790023804,"A-DES-\u2161_PI":2.917901001,"A-DES-\u2161_DPDR":2.4689325968,"A-DES-\u2161_TS":2.4298634847},"0.95":{"SCL-90 SOM":4.4171101888,"SCL-90 OC":4.6735534668,"SCL-90 IS":4.8460693359,"SCL-90 DEP":5.0542583759,"SCL-90 ANX":4.7319787598,"SCL-90 HOS":5.0777333577,"SCL-90 PHOB":4.9264351981,"SCL-90 PAR":4.5220967611,"SCL-90 PSY":4.2041833496,"SCL-90 ADD":4.8460632324,"SCL-90 TS":408.0793453217,"SCL-90 GSI":4.5342244466,"SCL-90 PST":90.0,"SCL-90 NST":25.55,"SCL-90 PSDI":4.6000141007,"EMBU-M EW":70.7314243317,"EMBU-M OI":64.8080764771,"EMBU-M REJ":29.2640060425,"EMBU-M PUN":29.7,"EMBU-M FS":11.55,"EMBU-F EW":57.3808349609,"EMBU-F PUN":38.4936225891,"EMBU-F OI":36.6742904663,"EMBU-F FS":12.0,"EMBU-F REJ":18.9657867432,"EMBU-F OP":19.9039413452,"CSES_TS":30.9002487183,"HEI_TS":30.4831466675,"CSQ_PS":0.9166666667,"CSQ_SB":0.9,"CSQ_HS":0.685,"CSQ_FAN":1.0,"CSQ_REP":0.9090909091,"CSQ_RAT":0.9863636364,"A-SSRS_TS":79.6666347504,"A-SSRS_SS":24.1,"A-SSRS_OS":29.3416793823,"A-SSRS_SU":24.25,"A-DES-\u2161_DA":8.9576350621,"A-DES-\u2161_AII":9.3852401733,"A-DES-\u2161_PI":10.3423809814,"A-DES-\u2161_DPDR":8.8178583781,"A-DES-\u2161_TS":7.675}}